{"cameraMode":{"drawMode":0,"name":"Shaded","section":"Shading Mode"},"sceneLighting":true,"audioPlay":false,"sceneViewState":{"m_AlwaysRefresh":false,"showFog":true,"showSkybox":true,"showFlares":true,"showImageEffects":true,"showParticleSystems":true,"showVisualEffectGraphs":true,"m_FxEnabled":true},"in2DMode":false,"pivot":{"x":1.536251187324524,"y":-27.992006301879884,"z":52.20520782470703},"rotation":{"x":-0.2568698525428772,"y":-0.013917011208832264,"z":0.0037075686268508436,"w":-0.9663404822349548},"size":30.924623489379884,"orthographic":false}